sensors,0.5,1.0,1.5,2.0,2.5,3.0,3.5,4.0,4.5,5.0,5.5,6.0,6.5,7.0,7.5,8.0,8.5,9.0,9.5,10.0,10.5,11.0,11.5,12.0,12.5,13.0,13.5,14.0,14.5,15.0,15.5,16.0,16.5,17.0,17.5,18.0,18.5,19.0,19.5,20.0,20.5,21.0,21.5,22.0,22.5,23.0,23.5,0.0,0.5,1.0,1.5,2.0,2.5,3.0,3.5,4.0,4.5,5.0,5.5,6.0,6.5,7.0,7.5,8.0,8.5,9.0,9.5,10.0,10.5,11.0,11.5,12.0,12.5,13.0,13.5,14.0,14.5,15.0,15.5,16.0,16.5,17.0,17.5,18.0,18.5,19.0,19.5,20.0,20.5,21.0,21.5,22.0,22.5,23.0,23.5,0.0
0.0,36.5,35.134730954631777,37.299999999999997,37.115559047775598,37.399999999999999,37.369908328884243,37.600000000000001,37.513901538144879,37.799999999999997,37.814911619937689,38.200000000000003,37.963308991247203,34.700000000000003,36.653059033658792,29.199999999999999,29.316839631752437,28.199999999999999,28.871575630846657,27.5,28.814403340489566,28.600000000000001,28.873117103353465,27.399999999999999,28.58701958880749,27.600000000000001,29.157420271540737,29.0,30.20507734980368,31.699999999999999,32.992695939917255,34.700000000000003,35.120782419532688,36.600000000000001,36.499587146571578,37.600000000000001,37.368516797225901,37.899999999999999,37.288865306178799,38.200000000000003,37.737509199444034,38.0,37.966170255445007,37.899999999999999,37.982491921473041,37.899999999999999,37.949317577298665,37.899999999999999,38.096113805266839,38.0,38.231625117840309,38.200000000000003,38.498868194177049,38.299999999999997,38.578197361442157,38.299999999999997,38.49993725265778,38.299999999999997,38.44475738826003,38.5,38.467996834907019,34.899999999999999,37.147741794575069,30.600000000000001,30.015956977587731,30.699999999999999,30.371331309601597,32.100000000000001,32.199708372992227,33.399999999999999,33.769673852795364,35.100000000000001,35.595552194991377,34.600000000000001,35.838245911340636,34.0,34.814093029694916,35.899999999999999,36.524364690575105,37.399999999999999,37.707665062367596,39.100000000000001,39.183122578175094,40.5,40.101628382068604,41.299999999999997,40.415778378697688,40.600000000000001,40.426938871342443,40.700000000000003,40.663877411372617,41.0,41.111455023091587,40.700000000000003,40.919164638037991,41.0,41.155094293931072
1.0,37.200000000000003,36.830657015889678,37.899999999999999,38.024014247026734,38.0,38.156253355893192,38.200000000000003,38.270386528385288,38.5,38.556479938660601,38.799999999999997,38.71816590376622,37.100000000000001,37.517457348855395,32.200000000000003,31.198998758397362,31.399999999999999,31.536753969509412,30.600000000000001,31.743571993344251,32.100000000000001,32.136435101748788,31.5,31.963800094900648,32.0,32.624138883365589,33.399999999999999,33.843184332005777,36.100000000000001,35.794555576957542,37.600000000000001,37.410247191542858,39.100000000000001,38.500512223364041,38.700000000000003,39.024323614909335,38.700000000000003,38.455713145679326,39.200000000000003,38.880469980945335,39.0,38.899867443706171,38.899999999999999,38.850444929726692,38.899999999999999,38.809398298712019,38.899999999999999,38.898951375186378,39.0,38.969920305052959,39.0,39.188447090963152,39.100000000000001,39.289864865733733,39.200000000000003,39.237546556804311,39.200000000000003,39.196943250496268,39.100000000000001,39.213502844199375,36.600000000000001,37.670643444702684,33.0,31.711060933134672,33.799999999999997,33.528845583020725,35.799999999999997,35.58946719068458,37.100000000000001,37.43275255318472,38.299999999999997,38.511901208275248,38.100000000000001,38.302507421580053,38.600000000000001,37.720110700260605,39.799999999999997,38.821760650248805,40.899999999999999,39.775569566960868,41.899999999999999,41.000100971785436,41.899999999999999,41.600887662594879,42.399999999999999,41.552313072069673,41.399999999999999,41.287281312710427,41.5,41.40179906528698,41.899999999999999,41.722600322053957,41.5,41.540061156823036,41.899999999999999,41.805782222698873
2.0,36.399999999999999,35.377705694000831,37.299999999999997,37.172460765365919,37.700000000000003,37.403693903441678,37.799999999999997,37.522531195190851,38.0,37.813675937140502,38.5,37.974227384886206,34.299999999999997,36.155661130085392,28.600000000000001,28.89722236805887,28.699999999999999,28.454460743622295,27.300000000000001,28.7135169556759,29.899999999999999,30.037850253211577,29.300000000000001,30.252784018498001,30.199999999999999,30.890640977654211,31.600000000000001,32.110715380602336,33.100000000000001,34.473317256745553,35.799999999999997,36.255233590493958,37.299999999999997,37.037997981796579,37.600000000000001,37.555039760358078,37.799999999999997,37.0157395513016,38.200000000000003,37.520840259923155,38.100000000000001,37.695101105917281,38.0,37.747109101755022,37.899999999999999,37.707202989509554,37.899999999999999,37.830591641904178,38.100000000000001,37.926277666697857,38.600000000000001,38.175339297360772,38.700000000000003,38.268385759571629,38.600000000000001,38.223569233086906,38.5,38.251504594094243,38.700000000000003,38.266209767363421,34.600000000000001,36.550130694266898,30.5,29.004011311905238,31.199999999999999,30.880633350872181,33.700000000000003,33.491302621969439,35.200000000000003,35.37041317276983,36.200000000000003,36.74180613141769,35.899999999999999,36.612380685792921,35.700000000000003,36.272611820182192,37.299999999999997,37.523454187239651,38.600000000000001,38.493442878698126,39.899999999999999,39.671201853766377,40.799999999999997,40.180921151398891,41.100000000000001,39.966179046677922,40.700000000000003,39.815333561021419,40.799999999999997,39.987120846459803,40.799999999999997,40.371400027355683,40.799999999999997,40.222010189781329,41.299999999999997,40.451921643871728
3.0,36.200000000000003,36.361647094864892,37.0,37.065702335125771,37.299999999999997,37.335384706955054,37.5,37.50302863472708,37.700000000000003,37.713633361522291,38.0,37.940628459997058,35.299999999999997,35.304536895296977,29.699999999999999,29.786499445304099,28.399999999999999,29.357591863084416,28.0,29.813121913297479,32.100000000000001,33.127297799138681,32.700000000000003,33.559006455382622,33.5,34.289744327631539,34.600000000000001,35.082982263131441,36.700000000000003,37.047894509531105,39.100000000000001,38.84556774909143,38.899999999999999,38.796820022472183,38.700000000000003,38.652024868168418,38.399999999999999,38.112575565262205,38.700000000000003,38.349632961434189,38.399999999999999,38.19770878639806,38.399999999999999,38.208724699421822,38.299999999999997,38.095239482354124,38.399999999999999,38.229390458545147,38.299999999999997,38.160503879638142,38.600000000000001,38.43024593228948,38.700000000000003,38.480208125638285,38.700000000000003,38.397693577531975,38.799999999999997,38.467693507083169,38.899999999999999,38.492342794048277,35.700000000000003,35.847487350865492,29.899999999999999,30.236867413653982,32.200000000000003,32.882433614668656,36.0,36.385238193453212,38.700000000000003,38.651584872038782,38.899999999999999,39.127917599612857,38.5,38.638287312142225,39.0,39.104000692168491,40.399999999999999,40.260252747842159,41.399999999999999,41.064353953087576,42.200000000000003,41.762419300773445,41.799999999999997,41.413786210935612,41.799999999999997,41.233587594606028,41.100000000000001,40.705516725836787,41.0,40.642443530870231,41.200000000000003,40.833564995720224,40.899999999999999,40.515025345719764,41.100000000000001,40.692721350177557
4.0,36.0,35.992891984258229,36.799999999999997,36.921006044525939,37.0,37.117517114049186,37.100000000000001,37.207260748378374,37.399999999999999,37.499962591436287,37.600000000000001,37.691567085529215,35.899999999999999,35.941324634744412,30.600000000000001,30.063086671712977,30.5,30.290916269675769,29.800000000000001,30.115187428532334,30.5,30.983743667285733,31.100000000000001,31.476714589199403,32.299999999999997,32.500552613453031,33.799999999999997,33.820977642481544,35.399999999999999,35.557065483129023,38.0,37.675348999660777,38.600000000000001,38.282581233130543,39.0,38.652475988171524,38.700000000000003,38.169982167139636,38.899999999999999,38.492050267966668,38.700000000000003,38.402768978678509,38.5,38.270665966768256,38.399999999999999,38.179447111900217,38.5,38.277153026961003,38.5,38.312922870558275,38.700000000000003,38.524355572520214,38.899999999999999,38.679635412178101,39.0,38.701598335843762,38.899999999999999,38.638345023807673,39.0,38.705468604487045,36.700000000000003,36.605540515820095,31.800000000000001,30.943596713652394,32.0,32.170144810933152,34.100000000000001,34.435319073621613,37.399999999999999,37.306396632862047,38.0,38.08172076297253,37.799999999999997,37.791450125393567,37.899999999999999,37.776340898972265,39.299999999999997,39.005317538481115,40.299999999999997,39.901242879728542,41.299999999999997,40.895127059659963,41.700000000000003,41.246555934013458,41.799999999999997,41.23871653251615,41.299999999999997,40.838777763298893,41.299999999999997,40.877456620468855,41.399999999999999,41.042593362583141,41.399999999999999,40.972460220550765,41.700000000000003,41.250835849414273
5.0,35.700000000000003,35.720578563438671,36.5,36.535063940099896,36.799999999999997,36.830679419605303,36.899999999999999,36.940129621413803,37.200000000000003,37.203946154598967,37.399999999999999,37.427490108590298,34.100000000000001,34.499899027715571,28.899999999999999,29.011445974023317,28.899999999999999,28.930656102933611,28.300000000000001,28.90247364927458,31.0,31.689972393203728,32.399999999999999,32.675861116312625,34.100000000000001,33.900260910608942,34.5,34.511656540095757,36.5,36.470216158223479,39.0,38.55989137008158,38.600000000000001,38.328235925198186,38.399999999999999,38.175812516673624,38.399999999999999,37.879640169703087,38.600000000000001,38.123426974136869,38.600000000000001,38.093807349312613,38.399999999999999,37.994439022467972,38.299999999999997,37.890257552300369,38.399999999999999,37.993531717471747,38.5,38.046572708265565,38.700000000000003,38.257131235628904,38.700000000000003,38.293787603727239,38.799999999999997,38.318919571373641,38.700000000000003,38.305421698333127,38.700000000000003,38.319115899520469,36.100000000000001,35.753317536175523,30.600000000000001,30.116784770496146,31.100000000000001,31.662657743997038,34.600000000000001,34.970805318209067,38.299999999999997,38.032860920809632,38.5,38.461963339456823,38.399999999999999,38.200791750776474,39.100000000000001,38.873126806270371,40.399999999999999,40.029760886811168,41.299999999999997,40.83270457886573,41.899999999999999,41.397735977974804,41.399999999999999,40.950517542926363,41.700000000000003,41.053285339156403,41.0,40.435038763983734,41.0,40.434523279474277,41.100000000000001,40.577121709929486,41.0,40.41168306370006,41.299999999999997,40.670706880097057
6.0,36.600000000000001,36.895174821731963,37.600000000000001,37.962632374927367,37.899999999999999,38.190993305060744,38.100000000000001,38.372420234583359,38.399999999999999,38.627534814331952,38.799999999999997,38.846677373456295,34.700000000000003,35.902849549046955,31.100000000000001,30.028267012802317,30.100000000000001,29.744208435500997,29.300000000000001,29.467627025384761,28.899999999999999,29.930784935260526,28.699999999999999,29.965479120259847,30.5,31.466450530163716,34.899999999999999,33.924245484046864,36.399999999999999,35.876304108578239,38.399999999999999,37.650677567143845,39.399999999999999,38.090195914288522,39.700000000000003,38.941085767746124,38.899999999999999,39.00240094451091,39.5,39.422041102732742,39.5,39.462451135809481,39.299999999999997,39.316411605370142,39.100000000000001,39.221902266763188,39.200000000000003,39.351514300385432,39.299999999999997,39.427611905030368,39.399999999999999,39.635505613006195,39.5,39.72586941898868,39.600000000000001,39.827468997690339,39.5,39.830159000156499,39.600000000000001,39.793632059077204,36.799999999999997,37.177171998333591,31.0,30.58207550540925,30.199999999999999,30.98762959601212,30.600000000000001,32.283325394703361,36.799999999999997,36.686832940586321,37.899999999999999,37.698630318641548,38.0,37.667161981259127,38.399999999999999,38.137601393976674,39.899999999999999,39.329220605066709,40.700000000000003,40.18647309547282,41.5,41.292082101633838,41.100000000000001,41.512026244199667,42.100000000000001,42.04118924008673,41.700000000000003,41.726289033592188,41.700000000000003,41.793570426152598,41.899999999999999,41.944842143713146,41.799999999999997,41.845559060614256,42.100000000000001,42.114047872956647
7.0,37.5,37.196959886822967,38.299999999999997,38.379038255236267,38.600000000000001,38.6476418907558,38.899999999999999,38.858282743887081,39.100000000000001,39.11284844511016,39.399999999999999,39.352308207075367,36.5,36.660880024203529,31.600000000000001,30.554021921407834,30.300000000000001,29.823725731662048,29.699999999999999,29.549342450114924,28.899999999999999,29.566417646535896,28.600000000000001,29.617957990521713,30.800000000000001,31.21073673321186,35.0,34.165999494614759,36.600000000000001,36.363239434647966,38.299999999999997,38.160920544235438,38.700000000000003,38.764916019254166,40.299999999999997,39.838358715539037,40.399999999999999,39.779687257650814,40.799999999999997,40.187232960794759,40.799999999999997,40.241832787913005,40.600000000000001,40.115616012204534,40.5,40.023437571137222,40.5,40.110391754389369,40.600000000000001,40.227477932697063,40.799999999999997,40.419242182208961,40.899999999999999,40.518957901480533,41.0,40.552811632978539,41.0,40.540172537983459,41.0,40.52525031728922,38.0,37.926221896734283,31.100000000000001,30.518667762497465,30.199999999999999,30.498084560276073,30.199999999999999,31.540386249759024,37.100000000000001,36.544289959657853,38.100000000000001,37.892992675669589,38.5,38.14524663102123,39.100000000000001,38.696109774072227,40.100000000000001,39.854651722760607,41.0,40.717222382338427,42.299999999999997,41.930234602621333,42.600000000000001,42.246180410162012,43.5,42.818194957298438,43.100000000000001,42.504164551611524,43.100000000000001,42.539970219203276,43.200000000000003,42.72414869588863,43.200000000000003,42.676489163549419,43.5,42.928638787573114
8.0,37.799999999999997,37.406027564672783,38.600000000000001,38.57367668305109,38.799999999999997,38.773168167651313,38.899999999999999,38.866931882451681,39.100000000000001,39.119458733043601,39.100000000000001,39.200680699936029,36.600000000000001,36.977613171986512,32.200000000000003,31.297988578832641,31.800000000000001,31.230117193669926,31.300000000000001,30.993827007115335,30.699999999999999,31.12221534896586,30.399999999999999,31.165415277609313,32.600000000000001,32.681419497973565,36.299999999999997,35.02324983247545,37.399999999999999,36.766178699166851,39.0,38.455409335728284,39.0,38.820980339345006,40.299999999999997,39.717164313868828,40.299999999999997,39.558130268878713,40.600000000000001,39.948653533685452,40.5,39.977048391055291,40.299999999999997,39.853986635847036,40.100000000000001,39.730644690184015,40.299999999999997,39.891430248714791,40.299999999999997,39.962092832551576,40.5,40.171228944818772,40.600000000000001,40.263273881521499,40.700000000000003,40.303829905205568,40.799999999999997,40.334982822446804,40.899999999999999,40.382952926201305,37.700000000000003,37.923835664832019,33.100000000000001,32.063598863137813,32.799999999999997,32.662191206613066,32.899999999999999,33.837294506606156,38.700000000000003,37.87113749853922,39.899999999999999,39.093302046219179,39.700000000000003,38.949438601695576,40.700000000000003,39.344443322811301,41.899999999999999,40.551010029553041,42.700000000000003,41.381558281532683,43.299999999999997,42.229714268210685,43.200000000000003,42.387815911688136,43.5,42.62558668195738,43.0,42.289563153634965,43.100000000000001,42.416611153904363,43.100000000000001,42.579074137176477,43.100000000000001,42.520164972162831,43.399999999999999,42.795509960660027
9.0,41.600000000000001,40.612069787942524,42.5,42.238841488824718,42.399999999999999,42.188590876151707,42.700000000000003,42.471736950951808,43.100000000000001,42.867877540003157,43.299999999999997,42.979554162346119,38.899999999999999,39.221704450089995,33.100000000000001,32.724205286664329,38.600000000000001,36.915710292533049,37.899999999999999,36.326994751285319,36.799999999999997,35.205516130681879,35.799999999999997,34.316536201957078,35.399999999999999,33.974882573387475,36.299999999999997,34.918373978573022,37.100000000000001,36.731031448904972,38.700000000000003,38.482850906121833,39.700000000000003,39.89445932972658,40.899999999999999,40.965391282030282,41.200000000000003,40.895382755799901,40.399999999999999,40.516974238817539,40.799999999999997,40.9649151744511,40.899999999999999,41.043559599945326,41.5,41.492453313166138,42.0,42.005224808365696,42.0,41.944468545316887,42.200000000000003,42.14370455159019,42.399999999999999,42.301713838390022,42.799999999999997,42.551941448513752,42.600000000000001,42.40391550478639,42.5,42.207415394102426,41.899999999999999,41.862924007592902,39.600000000000001,37.524065947178677,39.600000000000001,37.801898692639938,38.5,37.21939090880511,38.600000000000001,37.303014378469669,39.299999999999997,38.677760840478769,39.200000000000003,39.066813118780217,39.899999999999999,39.060482148932934,40.5,40.177203318845336,40.5,40.474166220951247,41.700000000000003,42.107290133942932,43.0,43.396104704741347,42.799999999999997,42.840669336721021,42.700000000000003,42.905365010461836,43.100000000000001,43.185298838824991,44.5,44.437891294586649,43.399999999999999,43.422864797004216,43.600000000000001,43.558136483873874
10.0,44.5,42.99995567609767,45.0,44.62052959688527,45.200000000000003,44.758945629339102,45.399999999999999,44.951930271250056,45.799999999999997,45.374607492282834,46.100000000000001,45.527926319727946,41.799999999999997,41.637087265948423,33.299999999999997,32.245024989611338,39.600000000000001,36.871439013730757,38.799999999999997,36.503543432209341,37.700000000000003,35.312873429216637,35.299999999999997,33.475410338555989,35.0,33.254478174660278,35.299999999999997,33.965850173565322,36.299999999999997,36.299649491696236,38.299999999999997,38.215399970440174,40.0,40.327460953427554,41.5,41.721916606329131,43.0,42.449761496967497,42.299999999999997,42.317048151183251,42.5,42.690499126268875,41.899999999999999,42.248822405282937,42.0,42.283608505525777,42.899999999999999,43.131385755332005,42.399999999999999,42.681803783718536,42.5,42.782179513348574,43.5,43.544747123154181,44.5,44.194827878765679,44.299999999999997,44.078627177418525,43.600000000000001,43.361079036976079,42.299999999999997,42.329437943033838,41.100000000000001,37.572561919165253,40.100000000000001,37.572129815683589,38.700000000000003,36.985466400769454,37.5,36.248836337621817,38.100000000000001,37.866160117974019,37.899999999999999,38.204154853550406,39.200000000000003,38.663742111235322,39.399999999999999,39.52112602035217,39.799999999999997,40.078657256198113,41.899999999999999,42.468735189851628,44.200000000000003,44.573716469929828,44.399999999999999,44.297706184195079,44.5,44.608427746215447,44.600000000000001,44.662828259453953,45.200000000000003,45.295438486199565,44.899999999999999,44.929187322662344,45.399999999999999,45.254972588569601
11.0,41.600000000000001,40.193329370867602,42.299999999999997,42.066389372416538,42.299999999999997,42.120318867317287,42.5,42.259602742753856,42.799999999999997,42.579852236395681,42.700000000000003,42.524625902937935,39.5,40.134758636314594,36.799999999999997,35.434108565743315,40.200000000000003,37.42620403499869,41.100000000000001,38.498252350680858,40.200000000000003,37.703496178203984,37.799999999999997,35.943358467839381,38.0,36.162935300017494,37.600000000000001,36.287065587988273,39.299999999999997,38.411032203946206,40.600000000000001,39.818556305587272,41.200000000000003,40.578268733481082,42.600000000000001,41.888517012098518,43.399999999999999,42.288103853242362,41.700000000000003,41.255358472255146,41.700000000000003,41.390825241947447,41.399999999999999,41.227933872308689,41.399999999999999,41.212537773555574,41.700000000000003,41.471509358169982,41.700000000000003,41.536382823036298,41.700000000000003,41.561509298185307,41.600000000000001,41.479833404593037,42.100000000000001,41.842328412953783,42.0,41.805434830320131,41.5,41.406459825855819,40.700000000000003,40.768468217662218,42.200000000000003,38.883865744860891,40.200000000000003,37.886900611787141,39.700000000000003,37.970449864551732,39.700000000000003,38.246199851994803,40.899999999999999,39.949112706506654,40.799999999999997,40.099018382098627,41.200000000000003,40.052446836879462,42.5,41.460615545794468,43.299999999999997,42.31274047166562,43.899999999999999,43.088458133559115,44.600000000000001,43.861463424446647,43.899999999999999,43.246113599418265,44.0,43.381409480225244,44.0,43.488741208296432,44.399999999999999,43.941793817564914,44.100000000000001,43.678346474319135,44.399999999999999,43.920239449047031
12.0,40.600000000000001,39.464389592249873,41.299999999999997,40.952596485032011,41.299999999999997,40.871086869049897,41.600000000000001,41.06572587550383,42.0,41.458391417433866,42.0,41.321474251475415,38.399999999999999,37.867816034952511,36.5,32.24374622930403,37.0,35.250163742179545,35.299999999999997,34.850384822388655,34.200000000000003,33.492176778533931,33.100000000000001,32.640138817250289,33.0,32.491983559618191,34.0,33.741310793612335,35.899999999999999,35.71521849415744,37.399999999999999,37.390240993144111,39.700000000000003,39.020506705845726,40.299999999999997,40.150470396280248,39.299999999999997,38.893621521102581,39.799999999999997,39.213823421764737,40.5,39.647113960892447,40.299999999999997,39.492825685460957,40.399999999999999,39.652474705856662,41.0,40.180473372202847,40.899999999999999,39.946105461147596,40.899999999999999,40.012964018637931,41.399999999999999,40.446893315745641,41.700000000000003,40.750340257171175,41.799999999999997,40.767036100177556,41.5,40.322232188631645,40.799999999999997,39.437701562685781,40.399999999999999,35.037106391970852,38.299999999999997,37.05322056397997,37.700000000000003,36.308928484181394,37.5,36.727421022317351,38.600000000000001,38.220773749342484,38.5,38.171537933559939,39.200000000000003,38.066077151456291,40.200000000000003,38.869690835139259,40.799999999999997,39.358094660903767,42.200000000000003,41.056392826591456,42.600000000000001,42.106192579935183,41.299999999999997,40.956798073009203,41.700000000000003,41.128533200558692,42.200000000000003,41.362812738027721,42.700000000000003,42.171535305642813,43.100000000000001,41.866056917424501,43.600000000000001,42.213366495992396
13.0,43.799999999999997,41.391538518549709,44.100000000000001,43.494032595314579,43.899999999999999,43.161424840243534,44.200000000000003,43.388160859112553,44.5,43.785908223169066,44.200000000000003,43.192300985542047,36.799999999999997,38.409699233738415,41.299999999999997,35.301478764040468,39.399999999999999,37.960661743122223,37.200000000000003,37.567354882270706,36.100000000000001,35.796380152000246,35.0,35.454468130425454,35.0,36.013834925924051,35.799999999999997,36.187211289998984,38.700000000000003,38.604907692804929,41.100000000000001,40.570870376699453,43.600000000000001,42.083534933252267,43.799999999999997,43.325260415737162,41.100000000000001,40.535066494232552,42.100000000000001,41.582196921036271,42.899999999999999,42.358198677575345,42.299999999999997,41.961499448711855,42.399999999999999,42.052429226826142,43.5,42.881094767467523,42.700000000000003,42.086237013190988,42.600000000000001,42.056245436665606,43.399999999999999,42.640876010597701,43.799999999999997,42.866190624339318,44.100000000000001,42.882054032969016,43.299999999999997,41.905985759761826,41.700000000000003,41.649620151545314,43.5,37.575785656468959,41.200000000000003,41.290070270322801,39.899999999999999,40.341549974597513,39.799999999999997,40.653652341739843,41.299999999999997,41.547322337375284,41.5,42.172418235412714,41.799999999999997,40.900237176436939,43.399999999999999,42.050202045052217,43.899999999999999,42.367999927178928,45.899999999999999,44.239305517132351,46.0,44.834138992808406,43.0,42.481266610063628,43.700000000000003,42.954931819033732,44.100000000000001,43.120020581491531,44.799999999999997,44.083842521235056,44.899999999999999,43.71927007726071,45.799999999999997,43.947073482471232
14.0,38.399999999999999,37.754488991237345,39.0,38.743104895429973,39.200000000000003,38.753803195244046,39.5,38.997961924727868,39.799999999999997,39.309471315179117,39.899999999999999,39.320829375958652,36.0,36.246170661242076,38.100000000000001,31.515393170849698,35.5,33.501476492673113,34.200000000000003,33.190604090372858,34.100000000000001,32.106284588763216,32.600000000000001,31.629582491352839,32.100000000000001,31.775265483822899,33.200000000000003,32.606398167703581,35.799999999999997,34.696296142063744,37.899999999999999,36.475946155670087,40.200000000000003,38.247636867063406,39.799999999999997,39.513385193529551,37.399999999999999,37.141596635491538,38.100000000000001,38.221900064214957,38.5,38.525991405997971,38.399999999999999,38.343010014697128,38.5,38.372655108891152,39.0,38.768715008225243,39.200000000000003,38.61573489348244,39.299999999999997,38.804609372666896,39.600000000000001,39.105224230653846,39.799999999999997,39.249985157499729,40.0,39.350573588127169,40.100000000000001,39.075236458708972,39.299999999999997,38.110531222835128,39.600000000000001,32.836523726599452,37.0,36.171452515452373,36.799999999999997,36.020879439737129,36.799999999999997,36.982737644238085,38.600000000000001,38.089860279753154,38.0,38.21493587312461,39.100000000000001,37.492034827796267,40.200000000000003,38.137949865174157,41.200000000000003,38.877874701900694,42.5,40.381903898740909,42.100000000000001,41.130911148162838,40.0,39.855206433251141,40.299999999999997,40.211015030389774,40.899999999999999,40.491747676545259,41.399999999999999,40.994183855138672,41.700000000000003,41.041013383936907,42.5,41.43313475052765
15.0,37.200000000000003,35.875126580603855,37.799999999999997,37.910122839546027,38.200000000000003,37.931658673847238,38.299999999999997,38.148160647578862,38.700000000000003,38.536106558544454,39.0,38.616171495721858,35.200000000000003,35.899344170839775,30.800000000000001,28.207459537726447,28.899999999999999,29.669859311089578,27.699999999999999,29.110000707516399,26.800000000000001,27.571143050568828,25.800000000000001,26.584938555697871,25.600000000000001,26.539963096145655,27.199999999999999,28.05760397504212,30.300000000000001,30.83049753409291,32.299999999999997,32.669212035242616,35.700000000000003,34.987583804702723,37.100000000000001,36.710569449041735,36.299999999999997,35.719902143244617,37.0,36.381703324914902,37.5,36.926151246632386,37.5,37.041932755889363,37.600000000000001,37.233590186463225,38.0,37.591694921535236,38.299999999999997,37.653741700720786,38.5,37.984676800481253,38.799999999999997,38.323570448923867,39.100000000000001,38.371122080155978,39.399999999999999,38.392574643503181,39.600000000000001,38.301144735258468,36.600000000000001,37.97046539747739,31.800000000000001,29.335673927368877,30.100000000000001,31.396459253375841,29.5,31.310818495675843,30.600000000000001,31.958842078875197,32.700000000000003,34.063133002940752,32.200000000000003,33.984755973035931,33.100000000000001,32.627786197348883,35.299999999999997,34.041614147442701,36.5,35.150365747233288,39.0,37.280711689240263,40.200000000000003,39.000971450120403,39.100000000000001,38.566703575657577,39.600000000000001,39.044626107900527,40.200000000000003,39.554612071140156,40.700000000000003,40.500756714742451,41.0,40.247116012266332,41.799999999999997,40.641401433411993
16.0,39.5,38.432172593782347,40.200000000000003,40.171463118455961,40.399999999999999,40.223835472057303,40.700000000000003,40.485955643816951,40.899999999999999,40.813004706248485,41.899999999999999,40.805496918494946,36.5,36.852372414796996,32.299999999999997,28.876000268456174,29.800000000000001,29.699134175786114,29.0,29.960466459465934,28.699999999999999,28.444216423644747,27.600000000000001,27.583740399740968,27.800000000000001,27.906060706149209,29.899999999999999,29.910399269840362,33.299999999999997,34.107963201587438,35.100000000000001,35.880486645225467,37.799999999999997,38.351543734046516,39.399999999999999,40.070358775268872,38.5,38.200821255881301,39.5,39.42225372228291,39.799999999999997,39.928804048178243,39.700000000000003,39.928864927710634,39.899999999999999,40.008230970537291,40.299999999999997,40.53468210579355,40.600000000000001,40.445074717275197,41.100000000000001,40.802358917449311,41.5,41.123181974431262,41.700000000000003,40.975192732284938,42.0,41.074274305350741,42.399999999999999,40.810648182659463,39.5,38.980763901996497,32.700000000000003,28.770992656305165,31.0,31.944451311444183,31.199999999999999,31.917460889136283,33.100000000000001,33.822240430551574,35.299999999999997,36.810347889316823,35.299999999999997,36.988272277132211,36.5,36.248893684829945,37.799999999999997,37.590521409709083,38.799999999999997,38.514281090387122,40.299999999999997,40.706382685331654,41.600000000000001,42.034181707328855,41.5,41.561078185836848,42.200000000000003,42.216510948733337,42.899999999999999,42.632016889191952,43.399999999999999,43.428555927873447,43.700000000000003,43.157615004303331,44.5,43.572559466312768
17.0,36.899999999999999,36.086603150268509,37.5,37.242672083254426,37.799999999999997,37.659192888348173,38.0,37.844805827299425,38.299999999999997,38.170155542914017,38.600000000000001,38.290692442109439,31.699999999999999,31.582812650388824,20.5,20.738391283455666,18.5,19.22585717944586,17.800000000000001,19.157810789321569,17.5,18.012262123103543,17.5,18.012599617746545,17.300000000000001,18.10290237760773,22.5,23.426696681887424,28.899999999999999,30.280521308598843,31.100000000000001,32.371071749795284,33.700000000000003,35.356344675865046,35.100000000000001,36.320582262959455,35.5,35.677812933650436,36.100000000000001,36.295276496685666,36.299999999999997,36.828653034392971,36.399999999999999,36.887859685398311,36.600000000000001,37.085986365803358,37.0,37.522111783331333,37.299999999999997,37.658810146985545,37.5,37.858552862122103,38.5,38.541315832374792,38.799999999999997,38.565721612354466,39.100000000000001,38.813746198241944,39.100000000000001,38.692479027823858,32.899999999999999,33.692485149073228,20.5,20.722969645652842,18.899999999999999,18.943023843164415,18.5,18.894361567506596,22.199999999999999,22.813660981497023,28.100000000000001,29.239821835171483,27.300000000000001,29.054488379926131,31.899999999999999,32.858961119898481,33.700000000000003,34.920369695479614,34.5,35.821622265979116,35.899999999999999,37.820921073068064,37.5,39.290324067869371,38.100000000000001,38.432275477883955,38.5,38.961476852577299,39.0,39.239027522161244,39.799999999999997,39.956397660638359,40.100000000000001,40.038752338100899,40.899999999999999,40.687313634906211
18.0,37.0,35.887741058194557,37.700000000000003,37.342650181483897,38.0,37.838786354272997,38.399999999999999,38.142928523827223,38.700000000000003,38.450253279742661,39.0,38.59023623951424,31.5,32.083240525629364,22.800000000000001,22.583358505288043,20.300000000000001,20.92609047339084,19.600000000000001,20.512513067725937,19.0,20.035413142597662,18.800000000000001,19.941712761105741,19.0,20.110093934500838,24.0,24.358249555159045,29.199999999999999,30.822055297980889,31.100000000000001,33.295846251818539,33.700000000000003,35.978554849842595,35.200000000000003,36.840975965764173,35.399999999999999,36.175869142313132,36.200000000000003,36.912206473298781,36.700000000000003,37.502485318216102,36.899999999999999,37.600549432511791,37.0,37.74089590704321,37.299999999999997,38.14935118451325,37.899999999999999,38.324503834960709,38.200000000000003,38.590447690998701,39.200000000000003,39.124289861777633,39.5,39.118522475579717,39.799999999999997,39.359191196015637,40.100000000000001,39.336314434042443,33.600000000000001,34.541342039347356,22.600000000000001,23.01280081608693,21.100000000000001,21.579615901667673,20.699999999999999,21.876198982087409,25.0,25.455360922056364,29.899999999999999,30.887540522416252,29.199999999999999,31.193831229731462,32.200000000000003,33.748545694487092,33.600000000000001,35.855071843486378,34.600000000000001,36.973195379522927,36.100000000000001,38.842220737679376,37.5,39.824797927745152,38.399999999999999,39.442907086641746,39.100000000000001,39.988751528735364,40.399999999999999,40.55114258553234,41.100000000000001,41.245774908873912,41.5,41.246721803370399,42.399999999999999,41.845082483729307
19.0,36.600000000000001,35.94385292519452,37.299999999999997,37.265468168940203,37.5,37.570862767977111,37.799999999999997,37.807839041039358,38.100000000000001,38.118596942437982,38.399999999999999,38.269157914504206,34.399999999999999,33.391462118541376,26.800000000000001,24.805720505809695,23.199999999999999,22.962641980574805,21.600000000000001,22.080977196678802,20.899999999999999,21.440141535731225,20.5,21.1026541642144,20.300000000000001,20.965665732518957,23.5,24.410739913949786,27.600000000000001,29.836474994854807,30.0,32.21229260909999,32.399999999999999,34.848281625061908,34.100000000000001,35.873237675520507,34.799999999999997,35.521247976408787,35.600000000000001,36.272327660678002,35.799999999999997,36.664725182091573,36.0,36.710948379016635,36.0,36.840181038645667,36.399999999999999,37.262529466911879,36.799999999999997,37.381183684893863,37.100000000000001,37.609984594425143,38.299999999999997,38.305984752077187,38.700000000000003,38.454389387781326,38.899999999999999,38.657544411851013,39.0,38.561253046135974,35.100000000000001,34.900417226713593,25.899999999999999,24.992516902743727,23.600000000000001,23.556423372452546,22.699999999999999,23.613618563618015,24.699999999999999,25.819963412682487,28.800000000000001,30.470017918412239,28.300000000000001,30.479077076025355,30.300000000000001,32.392382554637784,32.399999999999999,34.51255903114216,33.700000000000003,35.633289641481575,35.100000000000001,37.496200136265806,36.700000000000003,38.815426048445154,37.899999999999999,38.487828314593841,38.299999999999997,38.949467063744287,39.100000000000001,39.361691695081063,39.899999999999999,40.127436633939467,40.299999999999997,40.187740100611855,41.200000000000003,40.832857794150001
20.0,37.600000000000001,34.83799055289618,38.299999999999997,37.754883825104308,38.700000000000003,38.173416166990087,39.0,38.419968048269872,39.399999999999999,38.801651522410943,39.899999999999999,38.920140276032789,32.0,34.168229158726014,24.300000000000001,23.143581406180978,20.399999999999999,20.207446011941631,18.300000000000001,19.070723097494252,17.100000000000001,17.223721620488153,16.300000000000001,16.92045442199635,16.5,17.061827796010178,20.399999999999999,20.341290348853303,25.399999999999999,26.391706551009701,28.5,29.41862688151139,31.899999999999999,32.575352764241977,33.799999999999997,34.394473343387986,34.700000000000003,34.645058217226435,35.600000000000001,35.756587543077728,36.200000000000003,36.588293570517706,36.799999999999997,36.97435699052803,37.0,37.173251468086825,37.299999999999997,37.617245833572895,37.700000000000003,37.763373720144969,38.200000000000003,38.249817689652446,39.600000000000001,39.0212241291553,40.0,39.122166952420109,40.399999999999999,39.317785480449764,40.700000000000003,39.213948275617049,40.299999999999997,38.217109533511675,23.699999999999999,21.911249010757022,21.5,20.596322667826467,20.699999999999999,20.665051023683318,24.100000000000001,22.918678143211551,28.100000000000001,27.998545152905681,26.0,28.293069604644572,26.899999999999999,27.547097191213396,30.100000000000001,30.927976292973494,32.299999999999997,32.854278773920221,34.299999999999997,35.468602653799159,36.600000000000001,37.785883771855353,38.0,38.139718507624067,38.799999999999997,39.258186920025977,40.100000000000001,40.078585982253173,41.399999999999999,41.324732368661508,41.700000000000003,41.140368316057284,42.799999999999997,41.803969539667619
21.0,37.399999999999999,35.619263680967912,38.100000000000001,37.621655635728011,38.299999999999997,38.008874703568381,38.5,38.182040337738982,38.799999999999997,38.493939689487398,39.100000000000001,38.625227616172758,32.5,33.03675759332183,23.699999999999999,22.308474918060245,20.800000000000001,19.707308888796891,19.100000000000001,18.634100338160028,17.600000000000001,17.048050900929479,16.800000000000001,16.718182311167631,16.899999999999999,16.790189021746251,20.600000000000001,20.67846313210201,25.0,26.531760393303493,28.399999999999999,29.867342933557961,31.5,33.053002880310167,33.600000000000001,34.632345986448833,35.399999999999999,35.217519823806867,36.399999999999999,36.295113946176436,37.0,37.049572786546996,37.299999999999997,37.341841735452711,37.5,37.581107266024219,37.700000000000003,37.844518719692608,38.200000000000003,38.145286056482163,38.700000000000003,38.644676217161958,39.0,38.83394085430178,39.5,39.019285450555536,39.600000000000001,39.134148884398016,39.700000000000003,39.125033588902518,35.399999999999999,35.784175926681769,24.100000000000001,21.834810323680838,21.600000000000001,20.047260019097362,21.0,20.304478075419599,23.800000000000001,23.021789587053703,27.699999999999999,28.106707640522092,26.800000000000001,28.169479027411334,26.699999999999999,27.82251145861779,29.699999999999999,31.084841268886944,32.100000000000001,33.307146873488286,33.899999999999999,35.675414270131057,36.399999999999999,37.987074328647459,38.799999999999997,38.688145608735709,39.899999999999999,39.857708465022704,40.899999999999999,40.55880598970159,41.100000000000001,41.049629159230442,41.5,41.10221495681683,42.299999999999997,41.723032456041864
22.0,39.100000000000001,37.05639904461755,39.899999999999999,39.541090001501189,40.200000000000003,39.907742384082702,40.399999999999999,40.196413353173199,40.799999999999997,40.554416376727957,41.200000000000003,40.74344404194499,36.899999999999999,37.887653877170365,27.800000000000001,27.025252781273036,25.800000000000001,24.829102019064763,23.100000000000001,23.490039858670535,21.0,21.899141187198527,20.300000000000001,20.969934422376653,20.600000000000001,21.040894873332352,24.800000000000001,23.493004896433746,28.199999999999999,28.718152918943115,30.899999999999999,31.603840248938468,33.600000000000001,34.706634633064731,35.5,36.664751249706505,37.200000000000003,37.213838043475519,38.399999999999999,38.343890345894359,38.899999999999999,39.096433741942015,39.299999999999997,39.445470435951265,39.5,39.592380685646738,39.799999999999997,39.878311034295884,40.299999999999997,40.249400607363761,40.799999999999997,40.837420197089166,41.0,41.190588472696184,41.200000000000003,41.154929553413581,41.5,41.200017017543175,41.700000000000003,41.275442306310346,38.299999999999997,39.520475569546861,28.699999999999999,26.657123969632199,26.199999999999999,25.646651200360012,25.300000000000001,26.041913113850512,28.199999999999999,27.549781944021987,31.899999999999999,31.748517632350325,30.199999999999999,31.941653473810696,29.399999999999999,30.186410764228157,32.0,33.158500764517704,34.0,35.342022818877325,36.0,37.780619764484442,38.700000000000003,40.058553400113858,41.0,41.29029012461185,41.899999999999999,42.224418945197186,43.200000000000003,43.142342448786955,43.5,44.116813926558365,44.0,44.120340479289212,45.0,44.769029682172665
23.0,36.899999999999999,36.437333308632397,37.700000000000003,37.730701132810879,38.100000000000001,38.037613964063155,38.299999999999997,38.313598900608476,38.5,38.60102945861582,38.899999999999999,38.878892629796638,35.899999999999999,36.2458432908101,28.399999999999999,27.3183467348322,25.600000000000001,25.450565028825093,23.0,23.750404625235216,21.0,22.043962072426819,19.899999999999999,21.168624091434136,20.100000000000001,21.446663307468182,23.199999999999999,24.024683757399107,26.800000000000001,27.740244234540175,29.600000000000001,30.422391881422953,31.699999999999999,32.865083906073423,33.899999999999999,34.976374741148263,35.100000000000001,35.624080356479134,36.100000000000001,36.639695420305294,36.600000000000001,37.213055474535103,36.600000000000001,37.400029402895449,37.0,37.619833377323651,37.0,37.777380237789124,37.299999999999997,38.147037406860903,37.799999999999997,38.71788313551847,38.799999999999997,39.153706934773822,39.299999999999997,39.316152109396704,39.5,39.388899733366479,39.799999999999997,39.522005899726814,35.799999999999997,36.675472480359957,29.5,27.711332596854522,26.699999999999999,26.65647778290403,25.399999999999999,26.410245125673661,27.600000000000001,28.498660518886105,30.699999999999999,31.665973781819581,29.800000000000001,31.082864405303745,29.0,29.497316999117217,31.399999999999999,31.892775080117627,33.100000000000001,33.822387024613128,34.700000000000003,35.820666997875435,36.899999999999999,38.137383854275029,38.700000000000003,39.511412523349584,39.299999999999997,40.146114583151423,40.5,41.244315406142903,41.700000000000003,42.13366470037662,41.899999999999999,42.177311146078793,43.200000000000003,43.129787532448539
24.0,39.600000000000001,37.211226971443608,40.399999999999999,39.873242401306825,40.600000000000001,40.301004056291021,41.0,40.623646274259784,41.299999999999997,40.96611399764803,41.700000000000003,41.223894611678745,37.5,38.46765636658683,29.0,26.836638138171523,24.899999999999999,23.31103420235058,21.5,21.491636583154737,19.399999999999999,19.493099533084251,18.5,18.654910446518521,18.899999999999999,18.823230992914908,22.199999999999999,21.62220262511044,25.899999999999999,26.807203086868974,29.600000000000001,30.404328912543853,32.299999999999997,33.537474840641451,35.100000000000001,36.002886416530792,37.399999999999999,37.289119274024337,38.5,38.487547151447664,39.200000000000003,39.31083921853751,39.5,39.732256210103472,39.799999999999997,39.918019511904895,40.100000000000001,40.182119381686199,40.700000000000003,40.692907809858433,41.399999999999999,41.390111768183687,41.600000000000001,41.589663150476468,42.100000000000001,41.664708037367049,42.200000000000003,41.715001421029726,42.200000000000003,41.796563306507018,38.100000000000001,39.526802774023182,29.699999999999999,26.289768467769211,25.5,23.890492132507017,24.100000000000001,23.913176602042686,27.100000000000001,25.964913589746271,30.5,30.485705625321238,29.199999999999999,30.535855608086372,27.5,28.113918013102285,30.600000000000001,31.644356126359018,33.200000000000003,34.24670131515925,35.100000000000001,36.792559560804641,38.399999999999999,39.735377178777959,41.200000000000003,41.574256288445767,42.0,42.601460067524236,43.799999999999997,43.850887196118329,44.600000000000001,44.763689730992269,44.899999999999999,44.760836538523982,46.299999999999997,45.611755812876915
25.0,33.019444444444439,37.899999999999999,37.839201490144468,38.399999999999999,38.562929318929974,38.700000000000003,38.812485968551883,39.100000000000001,39.218057273486011,39.299999999999997,39.352707987206436,39.799999999999997,39.695175130453272,28.399999999999999,29.567302053212394,26.5,25.372412924195476,24.0,24.138081665189045,21.800000000000001,22.35091205189357,20.5,20.974536868774724,19.800000000000001,20.530686956079602,20.300000000000001,21.401341579553765,25.600000000000001,26.627759002679898,28.0,29.833980553812008,30.699999999999999,32.677797464062778,32.799999999999997,34.798461232430341,35.299999999999997,35.991181772878228,36.200000000000003,36.803091576666155,36.799999999999997,37.539147507144875,37.200000000000003,37.972028570948325,37.299999999999997,38.092854592523267,37.5,38.363010566601794,38.399999999999999,38.861536011378348,38.5,39.178591149749941,38.899999999999999,39.411192945857849,39.600000000000001,39.589277422119338,39.799999999999997,39.660374313953319,39.799999999999997,39.695559268305985,39.899999999999999,39.814176600297742,28.800000000000001,29.594511562199521,27.199999999999999,25.876478470868442,25.399999999999999,25.74670410908443,24.5,25.351236587821422,28.100000000000001,28.884732227162516,30.5,31.562796096912844,28.100000000000001,29.312462292277125,30.100000000000001,31.639837676436361,31.800000000000001,33.743393785224029,34.200000000000003,36.056869177863916,35.700000000000003,38.000683846798154,38.700000000000003,39.6043079505056,39.5,40.303419583062485,40.200000000000003,40.950421905364664,41.799999999999997,42.110770717746789,42.700000000000003,42.437076621532213,43.0,42.593688841085971,44.5
26.0,34.548611111111093,40.0,40.236559991030852,40.5,40.454013563532207,40.899999999999999,40.735005880040191,41.299999999999997,41.218282857177918,41.600000000000001,41.30536932915907,42.0,41.69786893355554,29.699999999999999,27.532852732975137,27.0,25.849584334132729,23.699999999999999,23.638608189063312,21.600000000000001,21.324609204497463,19.800000000000001,19.630916637546868,19.5,19.485332176866592,20.399999999999999,21.007067157608791,26.100000000000001,27.452963174072842,28.600000000000001,30.053506895493946,32.100000000000001,33.456300427593803,34.700000000000003,35.743233085282654,36.799999999999997,37.075807430219669,38.200000000000003,38.527346511831823,39.200000000000003,39.58207014581464,39.5,39.932990897537728,39.700000000000003,40.096170325411286,40.0,40.472635047152195,40.5,40.896099708535665,41.200000000000003,41.498224502495752,41.5,41.631512641351129,41.600000000000001,41.448689425981819,41.5,41.36861085152762,41.5,41.350091116898909,41.700000000000003,41.587169931993202,30.199999999999999,27.052562490257007,27.100000000000001,25.768194043598978,26.0,26.241959278068318,25.600000000000001,25.855829652199763,29.100000000000001,30.122355446860166,30.899999999999999,31.795924173192908,27.600000000000001,28.016512453946945,30.199999999999999,31.455774856989308,32.399999999999999,33.668464510610413,35.0,36.625487367908335,37.5,38.984925100242755,40.5,40.977058341546822,41.899999999999999,42.32964224169276,42.799999999999997,43.23946426379257,44.5,44.804056810196421,45.399999999999999,44.881105110558046,45.700000000000003,45.1362792750568,46.5
27.0,34.269444444444431,39.200000000000003,39.36883498728438,39.600000000000001,39.766873701308889,39.899999999999999,40.022209098136067,40.299999999999997,40.420222830715751,40.5,40.538351377988626,40.899999999999999,40.885401371305363,30.600000000000001,29.644283807064802,27.5,26.408867270086102,24.800000000000001,25.012030365114583,22.800000000000001,23.126482088132594,21.399999999999999,21.762724522341049,21.0,21.416000081150518,21.5,22.447558679012921,27.100000000000001,28.143629468500549,29.600000000000001,30.9175347323186,32.299999999999997,33.813020831288043,34.799999999999997,35.978610722093094,37.0,37.423347173842714,38.100000000000001,38.453261357781223,38.899999999999999,39.283893747011618,39.0,39.568738530777019,39.100000000000001,39.672119360452335,39.399999999999999,40.013619747570679,39.799999999999997,40.366321515786844,40.200000000000003,40.769768780015944,40.5,40.886668550602764,40.600000000000001,40.775923861698821,40.600000000000001,40.77698262778943,40.600000000000001,40.749075392796783,40.700000000000003,40.916364124884431,30.399999999999999,29.223472190250781,27.600000000000001,26.627268265068359,26.199999999999999,26.742949213662726,25.899999999999999,26.497668425199695,29.300000000000001,30.326077173303819,31.800000000000001,32.51236387472548,29.100000000000001,29.730222091198954,31.5,32.649256763789992,33.299999999999997,34.413609597928172,35.700000000000003,36.875253053781165,37.5,38.842319436074575,40.100000000000001,40.804221695227653,41.200000000000003,41.828176341173922,41.899999999999999,42.495945635832506,43.399999999999999,43.70191558085078,43.700000000000003,43.587019995054156,43.899999999999999,43.684610438264961,44.299999999999997
28.0,33.533333333333331,38.799999999999997,38.742096962917628,39.299999999999997,39.106407429993588,39.600000000000001,39.395875922118101,39.899999999999999,39.771823325201069,40.100000000000001,39.854265055365801,40.5,40.245617253857922,28.899999999999999,27.575084042874646,26.300000000000001,25.100535769277425,23.699999999999999,23.183093393522327,21.300000000000001,21.056386020949226,19.399999999999999,19.432585817911999,18.699999999999999,19.140064422667248,19.399999999999999,20.261719820136282,25.600000000000001,26.551032233948224,28.399999999999999,29.644108119394105,31.899999999999999,32.964143356209895,34.600000000000001,35.42468227078065,37.299999999999997,36.875463048582148,38.299999999999997,37.990932770811085,39.200000000000003,38.866448887868117,39.5,39.208817133945963,39.600000000000001,39.337270831786135,40.0,39.716282634657929,40.399999999999999,40.070985721698555,40.799999999999997,40.569228229969745,40.899999999999999,40.643234324710697,40.700000000000003,40.374782823949595,40.700000000000003,40.311467633189643,40.600000000000001,40.289068753919814,40.799999999999997,40.539264275216723,28.800000000000001,27.125640358088706,26.199999999999999,25.072498032656554,25.0,25.105228783509684,24.5,24.811175439286249,28.600000000000001,29.105998321356847,30.600000000000001,31.244055344805052,27.199999999999999,27.680289013621994,30.100000000000001,31.143098912863504,31.800000000000001,33.160055900626674,34.799999999999997,36.153069849595212,37.100000000000001,38.449241138566819,40.799999999999997,40.693364122458334,42.100000000000001,41.818136502796804,42.799999999999997,42.568152602386796,44.100000000000001,43.80519579914958,43.799999999999997,43.492415881683165,43.799999999999997,43.619486372194039,44.600000000000001
29.0,34.097222222222221,37.700000000000003,38.243079331044314,38.200000000000003,38.502157432955869,38.399999999999999,38.684662477762494,38.700000000000003,39.016948495368055,39.100000000000001,39.268737820309703,39.5,39.584002386983919,31.399999999999999,29.461017001323153,30.600000000000001,28.406683951463656,27.5,27.31593503324093,26.300000000000001,25.874465506770299,26.100000000000001,24.955371034213019,24.699999999999999,24.278374080056562,26.300000000000001,25.401119244761297,28.0,28.951412101373638,30.699999999999999,31.033676004467512,32.799999999999997,33.429546164004833,35.700000000000003,35.738899009385122,37.100000000000001,36.668456957146859,37.600000000000001,37.45376069163256,37.700000000000003,37.969370821828498,37.700000000000003,38.111249235109248,37.700000000000003,38.152758300053215,37.700000000000003,38.341951245504134,38.0,38.672099185915613,38.200000000000003,38.943200752019699,38.600000000000001,39.114760142247526,38.700000000000003,39.071369996818163,38.700000000000003,39.084063134218084,38.700000000000003,39.047660361235074,38.899999999999999,39.212591350712827,30.699999999999999,28.754783701019928,29.300000000000001,28.737687876799846,27.800000000000001,28.805963407941345,27.300000000000001,28.468268076801358,30.0,31.354481161068676,32.200000000000003,32.83094863510528,30.399999999999999,30.479019278839502,32.100000000000001,32.5529289347174,33.899999999999999,33.91169764784496,36.100000000000001,36.182378179165795,38.0,38.112943941539257,39.799999999999997,39.653297145653333,40.299999999999997,40.377889236593816,40.299999999999997,40.699361377536448,41.100000000000001,41.621595836280207,41.200000000000003,41.529350889690335,41.299999999999997,41.59798696595572,41.899999999999999
30.0,38.355555555555533,40.100000000000001,39.963939639762408,40.399999999999999,40.053735880006037,40.700000000000003,40.39833548158559,41.0,40.712342950463153,41.200000000000003,40.871958878728741,41.600000000000001,41.310745445086795,30.899999999999999,29.560298646218026,35.299999999999997,34.57685029866709,34.700000000000003,33.902606730813432,32.100000000000001,31.295531227888812,30.199999999999999,30.176657913568469,29.199999999999999,29.605226037096724,30.399999999999999,31.229942014365562,33.399999999999999,34.128677929264072,35.600000000000001,35.86482415834984,38.5,38.631434950537873,41.200000000000003,40.969476825508437,39.299999999999997,38.627210837962473,40.399999999999999,40.40261450524433,40.299999999999997,40.171720710531687,40.399999999999999,40.202658285460885,40.399999999999999,40.224133018814271,40.399999999999999,40.202142997093794,40.700000000000003,40.437554012856872,41.0,40.837353691829406,41.100000000000001,40.918874157417164,41.200000000000003,40.899039092108865,41.200000000000003,40.878646576850613,41.200000000000003,40.840463574112214,41.299999999999997,41.0079725266175,31.399999999999999,29.585707278873567,37.100000000000001,36.556399357254641,36.799999999999997,36.319835630112244,36.5,36.679537210497905,37.799999999999997,38.389050488030499,39.0,39.17000471392651,36.299999999999997,36.128459989534385,37.0,37.136624500128995,38.600000000000001,38.629672883455726,41.200000000000003,41.205030461263696,43.5,43.271998621474395,42.700000000000003,42.216894959906035,43.0,42.945947132041745,43.200000000000003,43.051263165772532,43.799999999999997,43.676566136743311,43.899999999999999,43.658479064275141,44.0,43.758378436814212,44.600000000000001
31.0,38.25694444444445,40.200000000000003,40.075133624871263,40.399999999999999,40.227606365714585,40.600000000000001,40.437968940110729,40.899999999999999,40.724658417999322,41.0,40.87670478403605,41.399999999999999,41.210812740915884,31.699999999999999,32.263264294190087,36.799999999999997,35.414823679332223,36.0,35.369417298297094,34.700000000000003,34.114108742254416,33.200000000000003,33.403448460646622,32.799999999999997,33.176759001201752,34.200000000000003,34.544157117747943,35.799999999999997,36.421301253058296,37.799999999999997,38.015653254285574,41.0,40.594356887993634,42.200000000000003,41.699213251370246,39.799999999999997,39.56995523391933,39.799999999999997,40.07420988168019,40.0,40.14016133457632,40.0,40.13356315853995,40.0,40.109220631534193,40.100000000000001,40.15311388036482,40.299999999999997,40.333550473842493,40.600000000000001,40.583819318160934,40.700000000000003,40.667464605073988,40.799999999999997,40.739500029824775,40.799999999999997,40.79138667593098,40.799999999999997,40.771748001856295,41.0,40.918533870732666,31.300000000000001,31.977157410735259,36.399999999999999,36.282875320660843,38.5,37.729203373637112,38.799999999999997,38.412752429001642,40.100000000000001,39.969054215215181,41.299999999999997,40.797087881278514,38.399999999999999,38.619426400623752,38.700000000000003,39.316468134844186,39.899999999999999,40.457559491394314,43.0,42.751368073469578,43.799999999999997,43.711638425015941,42.899999999999999,42.605895772575707,42.600000000000001,42.595985689103038,42.5,42.468298230320627,43.200000000000003,42.992302046939635,43.100000000000001,42.943847670838821,43.200000000000003,43.036550439663856,43.899999999999999
32.0,39.26180555555554,42.0,41.810655648384547,42.0,41.625708380907263,42.100000000000001,41.73329795856278,42.5,42.190535286654672,42.600000000000001,42.187517338867437,42.899999999999999,42.517485845662115,31.600000000000001,30.79518187677737,35.799999999999997,35.2772956861902,35.399999999999999,35.024485477627593,33.299999999999997,32.814769152419643,31.5,31.776152548389142,31.199999999999999,31.809362180315773,32.5,33.762099908895792,34.799999999999997,36.096416926023956,36.700000000000003,37.435894280281858,39.700000000000003,39.994631926551946,42.600000000000001,42.175674079187637,40.700000000000003,39.843356712678485,40.899999999999999,40.719580241674556,41.299999999999997,40.966025081799607,41.5,41.130216906673475,41.600000000000001,41.215631177329747,41.600000000000001,41.185820578397838,41.899999999999999,41.407627078861196,42.299999999999997,41.90788141738458,42.399999999999999,41.958014473925829,42.399999999999999,41.794671513390071,42.299999999999997,41.716445246712041,42.399999999999999,41.767867312345267,42.700000000000003,42.049889610694201,31.100000000000001,29.941741245062246,37.899999999999999,37.325265202155585,37.700000000000003,37.633311350265807,37.799999999999997,38.228679010942486,39.399999999999999,40.1094270971561,38.799999999999997,39.625491804976562,35.899999999999999,36.465325046859121,36.899999999999999,37.774070138849012,38.799999999999997,39.484714747563459,42.299999999999997,42.441693400016675,45.399999999999999,44.887759351933305,44.100000000000001,43.228709996640752,44.0,43.52886632804536,44.200000000000003,43.701984406752111,44.799999999999997,44.333778924479986,44.799999999999997,44.218961632523708,45.0,44.437267906088451,45.799999999999997
33.0,38.388194444444451,41.399999999999999,41.252589849438223,41.600000000000001,41.307353516170217,41.700000000000003,41.409970091327985,42.100000000000001,41.753708267534606,42.100000000000001,41.882064044525656,42.5,42.115460140887556,32.399999999999999,32.978460200237279,32.799999999999997,32.733180156605513,33.399999999999999,34.181432707111213,33.5,33.446733706714483,33.5,33.384455718365736,33.299999999999997,33.549926918901484,34.899999999999999,34.745689179725737,36.700000000000003,36.299724301764719,38.399999999999999,37.708781101249947,40.100000000000001,39.651824782786058,40.200000000000003,41.282296108827815,40.399999999999999,39.924434476563647,40.600000000000001,40.277847473799675,41.0,40.682598750983587,41.100000000000001,40.769102201530046,41.0,40.851830629650252,41.100000000000001,40.888470875587366,41.299999999999997,41.117873166198123,41.5,41.358893970857338,41.5,41.459509768541757,41.5,41.426897565947428,41.299999999999997,41.387904417625158,41.299999999999997,41.439374238046597,41.5,41.600194415198409,31.800000000000001,32.266949810890566,33.899999999999999,34.794632359525096,37.899999999999999,37.314900933314419,39.700000000000003,38.237525626380389,40.200000000000003,39.920130456637168,39.799999999999997,39.980824934796608,39.299999999999997,38.12075152371883,39.700000000000003,38.702128551865947,40.700000000000003,39.834013088001463,42.399999999999999,41.75716063637141,43.100000000000001,43.701526507338187,43.700000000000003,42.710465602093635,43.299999999999997,42.860457393894308,43.600000000000001,43.012708270203724,44.200000000000003,43.495834811802361,44.100000000000001,43.568194022310522,44.200000000000003,43.647289930955637,44.600000000000001
34.0,35.606250000000003,39.299999999999997,39.120076988174567,39.5,39.201878931652047,39.600000000000001,39.272564093738211,40.0,39.721250770093107,40.0,39.70172232069536,40.399999999999999,39.991609035234546,30.0,27.279420244921535,26.300000000000001,27.390504644131539,28.300000000000001,28.917629577945704,27.300000000000001,27.56524840993503,25.800000000000001,26.257493572823552,26.300000000000001,26.703916992171763,28.0,28.789520442991883,30.0,31.418235340291609,32.0,32.491616022419606,35.200000000000003,35.378487260392426,38.100000000000001,37.564094337586035,37.700000000000003,36.96651458032764,38.299999999999997,37.921905013697291,38.700000000000003,38.543873561758666,38.799999999999997,38.756960566365748,38.899999999999999,38.839830483223444,38.899999999999999,38.94835425245595,39.200000000000003,39.250431320134155,39.5,39.635100355084504,39.5,39.639716117785284,39.5,39.308821462150355,39.299999999999997,39.129640058467409,39.399999999999999,39.128416364760028,39.600000000000001,39.321583945192081,29.5,26.2742609177016,28.600000000000001,29.382844156724563,33.100000000000001,33.526687101643866,33.100000000000001,33.754964607453296,35.0,36.346328601911857,36.100000000000001,36.107883183811424,32.0,32.112003972091969,32.899999999999999,33.159923486668269,34.399999999999999,34.637142050868597,37.5,37.695569160665428,42.0,40.987093346380874,40.5,40.129893027480641,41.100000000000001,40.96608438366809,41.5,41.509281678494673,42.200000000000003,42.476932648067624,42.100000000000001,42.232262490176637,42.399999999999999,42.476472167321418,43.0
35.0,37.001388888888876,40.700000000000003,40.51498683424591,40.600000000000001,40.397154578979936,40.700000000000003,40.469832927561086,41.0,40.850874136607622,41.100000000000001,40.926658749106096,41.5,41.235720901583157,31.899999999999999,30.484946822250535,30.5,30.705731995464546,32.200000000000003,32.494390268908255,31.5,31.52087780779237,30.399999999999999,30.637220301904893,30.5,30.832857738971207,32.100000000000001,32.587598035539784,34.0,34.63483987444512,36.100000000000001,36.090153626558084,38.100000000000001,38.149299986251926,39.200000000000003,39.536202946526046,38.5,38.277762062238267,38.899999999999999,38.849622607193474,39.200000000000003,39.246735061801601,39.299999999999997,39.376001547177317,39.5,39.508654178835314,39.600000000000001,39.597703714183169,39.799999999999997,39.82768106566526,40.100000000000001,40.153290600914268,40.100000000000001,40.17676330525245,40.0,40.052875599588745,40.0,40.031978858441391,40.0,40.035051090692541,40.200000000000003,40.227220216401243,31.0,29.397110742355647,32.200000000000003,32.739879689646308,35.899999999999999,36.094654505372127,36.0,36.455875845871319,37.399999999999999,38.211454222233456,38.600000000000001,38.39664518940576,36.399999999999999,36.025424021062378,37.0,36.903197115675816,38.299999999999997,38.156504843842995,40.5,40.49326638282205,42.299999999999997,42.499089457295824,41.200000000000003,41.165132951859931,41.5,41.462597355836941,41.799999999999997,41.752064898318736,42.5,42.445780341310872,42.5,42.416138227513009,42.700000000000003,42.587841609180678,43.299999999999997
36.0,35.163888888888891,39.899999999999999,39.355716403580338,40.0,39.821829211192139,40.200000000000003,39.826105227444543,40.5,40.312793142637524,40.600000000000001,40.339599401038313,41.0,40.325365254609558,29.100000000000001,29.471701346348635,23.899999999999999,27.409158885942009,28.399999999999999,28.755616297938676,30.0,29.129831541680005,29.399999999999999,28.607740684531464,29.899999999999999,28.856400740220415,31.899999999999999,31.11627559761035,34.200000000000003,34.422023616396253,36.799999999999997,36.849153706332586,38.100000000000001,38.648039277564195,38.799999999999997,39.455750162586895,37.799999999999997,38.452436065406154,38.600000000000001,38.444748779053199,38.700000000000003,39.166546203977205,38.700000000000003,39.470452768949563,39.0,39.373129961685017,39.299999999999997,39.416680956086623,39.5,39.716566739873819,39.700000000000003,39.825134005366849,39.700000000000003,39.77524254508743,39.799999999999997,39.69566890055458,39.700000000000003,39.6909846436998,39.700000000000003,39.76282320216135,40.0,39.694616571036569,26.899999999999999,28.52697734595338,25.300000000000001,28.341103793651609,34.200000000000003,32.463002018849352,34.899999999999999,33.421079516247417,37.0,36.932874478766777,37.600000000000001,37.825916418556886,35.899999999999999,36.22629422647951,37.399999999999999,38.233048127105796,38.700000000000003,39.992832602706876,40.899999999999999,41.796141031877447,42.899999999999999,43.342958937526141,40.200000000000003,41.299995539041888,40.700000000000003,41.182103142330824,41.200000000000003,41.633691652482383,42.0,42.228603944384204,42.399999999999999,42.110297968323444,42.600000000000001,42.540514202272874,43.399999999999999
37.0,34.520833333333336,40.5,40.476900395619516,40.5,40.438463222932299,40.799999999999997,40.425079687698201,41.200000000000003,41.057311917307814,41.200000000000003,40.937854664722437,41.600000000000001,41.018051035817045,28.100000000000001,26.582469568148753,23.199999999999999,24.591200726843088,25.600000000000001,25.405456437379176,26.100000000000001,24.488807986908501,25.300000000000001,23.909191895860097,26.199999999999999,24.771573306216904,28.600000000000001,27.751842167197161,31.0,31.976944927557302,33.299999999999997,33.899461422736294,35.700000000000003,35.957924742988105,37.5,37.641093230691091,37.399999999999999,37.201028435955351,38.600000000000001,37.929152354497248,38.700000000000003,39.089313080264198,38.799999999999997,39.4565008531779,39.0,39.500459314833989,39.299999999999997,39.674552603592169,39.399999999999999,40.032149883784477,40.0,40.312862289985674,40.0,40.255848965093804,39.799999999999997,40.062590542513952,39.700000000000003,39.967728163885347,39.700000000000003,39.959431384860466,39.799999999999997,40.004633619888033,26.100000000000001,24.940430918472345,24.899999999999999,25.570293920460095,31.399999999999999,29.558732030279291,32.299999999999997,30.634804982122585,34.600000000000001,34.730865370626617,36.0,34.876052316967865,32.299999999999997,32.12308945204957,33.700000000000003,34.770243950646019,35.0,36.618482974089048,38.700000000000003,39.031178337911896,41.0,41.372532089574172,39.700000000000003,40.192619132533977,40.200000000000003,40.703897059373858,41.299999999999997,41.585882551601827,42.200000000000003,42.550198959442206,42.600000000000001,42.425352091218315,42.799999999999997,42.799044171546001,43.799999999999997
38.0,35.813194444444456,42.200000000000003,41.447601244319614,42.299999999999997,41.978091122541201,42.5,41.977649666824014,43.0,42.499671543903503,43.0,42.59138100979817,43.200000000000003,42.531177391972676,29.199999999999999,29.380706644281211,24.199999999999999,25.582241858454626,27.199999999999999,28.049011911770535,28.0,27.961719892052148,28.399999999999999,28.130837656532155,29.899999999999999,29.082672188962729,32.5,31.046750258163332,34.100000000000001,33.370593642126799,35.700000000000003,35.66541893710037,35.700000000000003,37.180603126682719,37.5,39.191696384588511,37.799999999999997,39.096766369734624,39.200000000000003,39.472766441700827,39.899999999999999,40.588858903037206,40.200000000000003,41.048494996622573,40.399999999999999,41.048127047602122,40.600000000000001,41.204578060574349,40.899999999999999,41.65789794600618,41.5,41.835998046480796,41.5,41.855839164746889,41.399999999999999,41.765242716368427,41.399999999999999,41.717338231999882,41.399999999999999,41.772198279174638,41.5,41.670373121953503,27.199999999999999,28.839420548051944,26.0,28.063415637150388,33.0,32.480833392849476,34.299999999999997,33.545232905411368,36.899999999999999,36.880681784392451,37.799999999999997,37.481491196353488,35.299999999999997,35.915443744927103,37.100000000000001,37.198448576963926,37.299999999999997,38.601677602885495,38.100000000000001,39.785190512242224,39.5,41.987051767768627,39.799999999999997,41.805091398892422,41.0,42.147606934209122,42.200000000000003,43.070108460031967,43.299999999999997,43.908396877213058,43.899999999999999,44.176261214850832,44.200000000000003,44.371837288768532,45.5
39.0,34.890277777777776,40.700000000000003,39.801998857363785,40.600000000000001,39.871900484224305,40.700000000000003,39.885776431478156,41.0,40.436047971021189,41.299999999999997,40.449250863568281,41.399999999999999,40.527757912759377,28.5,27.99946989922228,25.300000000000001,25.932993841846667,26.300000000000001,27.448415872070971,28.800000000000001,27.426243097716515,28.899999999999999,27.317542870714711,29.399999999999999,27.880754626385169,31.300000000000001,30.100478064451693,34.100000000000001,33.590671480398676,36.700000000000003,35.741662787263067,37.299999999999997,37.338902083587385,38.0,38.140283211361293,37.200000000000003,37.093377866580852,38.100000000000001,37.659341027621828,37.700000000000003,38.447535004237999,37.700000000000003,38.7228575540246,37.799999999999997,38.725693360660479,37.899999999999999,38.854158169542103,38.200000000000003,39.13062988675464,38.5,39.451820425430341,38.5,39.447029245096367,38.5,39.40157867930688,38.5,39.378327365821804,38.5,39.439950245908939,38.600000000000001,39.497982764889215,26.699999999999999,26.389462981482239,25.300000000000001,26.92608112226111,32.399999999999999,31.707210105904966,33.600000000000001,32.833020289938077,36.100000000000001,36.153198136016123,36.899999999999999,36.88317877623922,35.200000000000003,34.832925412108082,36.700000000000003,36.845111531452282,38.600000000000001,38.434194830878404,40.5,40.234301072823797,41.600000000000001,41.659826927601927,39.399999999999999,39.751691881108606,39.200000000000003,40.134371247111758,39.799999999999997,40.761442660090133,40.700000000000003,41.585063102795338,41.100000000000001,41.56822209974785,41.299999999999997,41.988823730131415,42.899999999999999
40.0,37.32222222222223,42.299999999999997,41.615308307554372,42.100000000000001,41.851150612004908,42.100000000000001,41.796787707540453,42.5,42.195403152320274,42.799999999999997,42.410198929876493,43.0,42.47186372902636,29.300000000000001,29.733504126118799,26.199999999999999,28.647429378310655,34.0,34.405235039772222,34.399999999999999,33.687780848228762,34.799999999999997,33.087048346621074,35.200000000000003,33.442443537817688,35.100000000000001,33.388639386281334,33.100000000000001,32.850778844432213,33.600000000000001,33.59538884913912,34.399999999999999,35.372212748106847,39.899999999999999,40.333805591124815,38.299999999999997,39.196663234165349,39.299999999999997,39.454637225494047,40.100000000000001,40.496235800502291,40.100000000000001,40.730767225934777,40.200000000000003,40.718114107859691,40.399999999999999,40.896994940338288,40.700000000000003,41.297200127603574,41.0,41.507684599603166,41.100000000000001,41.508143515277204,41.100000000000001,41.452206140917028,41.100000000000001,41.4536906519116,41.200000000000003,41.536847966465487,41.399999999999999,41.56106372674504,27.5,29.375576210134955,32.0,34.079640784206013,37.299999999999997,37.392684006086007,38.299999999999997,38.23064740505874,39.399999999999999,39.733626341599404,40.399999999999999,40.061707872438561,38.600000000000001,37.994957168394563,34.700000000000003,34.69853780935469,34.100000000000001,34.703310422417523,33.799999999999997,35.11130692301893,36.899999999999999,38.324042618553776,39.299999999999997,40.70400617214851,40.5,41.362751567416851,41.600000000000001,42.397274085459792,42.399999999999999,43.120805852315016,43.0,43.553715649368037,43.299999999999997,43.742768972374435,44.100000000000001
41.0,35.439583333333331,41.399999999999999,40.317424847042716,41.100000000000001,40.733107596987139,41.100000000000001,40.592904892439371,41.600000000000001,41.076360252573643,41.899999999999999,41.315480336774634,41.899999999999999,41.166687971061613,28.399999999999999,29.740529932657736,24.699999999999999,28.315034141155394,30.399999999999999,31.918488727564231,32.299999999999997,32.730679726788281,33.0,32.73268728634428,33.700000000000003,32.895204201397206,34.899999999999999,34.264593294480392,36.700000000000003,35.467225700713705,37.899999999999999,37.06678322123026,37.700000000000003,37.922196478038224,38.100000000000001,39.209531969441365,36.799999999999997,38.201002274342265,38.0,38.253235457288582,38.299999999999997,38.787030558547279,38.399999999999999,39.037843822922163,38.399999999999999,38.891463101660193,38.600000000000001,38.960145560077457,38.899999999999999,39.400842728643198,39.200000000000003,39.364285736591398,39.200000000000003,39.346614302707039,39.399999999999999,39.526445713834441,39.5,39.612532776481522,39.5,39.604080215040796,39.5,39.401426925306637,26.5,29.319461922639626,28.600000000000001,31.52350671950671,35.600000000000001,35.555489328538364,36.899999999999999,36.76103297647375,38.899999999999999,38.862567747334879,39.600000000000001,39.227121689109651,38.700000000000003,38.568009178338968,39.799999999999997,38.692238190424327,39.700000000000003,39.480907807841689,39.899999999999999,39.883499761867348,40.5,41.101816570149815,38.399999999999999,40.000695053130144,39.100000000000001,39.875012568368177,39.799999999999997,40.411403610396988,40.399999999999999,40.871823722702736,40.899999999999999,41.263324587207769,41.200000000000003,41.469643488541905,42.200000000000003
42.0,36.322916666666679,41.600000000000001,40.347423404956984,41.200000000000003,40.753552043272485,41.200000000000003,40.622270492942619,41.799999999999997,41.110078988920868,42.100000000000001,41.342141309833423,42.100000000000001,41.090116136297318,29.199999999999999,29.805191737373811,25.699999999999999,30.132480799640341,31.399999999999999,32.84217592393945,33.5,33.342175058616235,34.299999999999997,33.162311535674732,35.200000000000003,33.386490267204856,37.200000000000003,35.266715230710361,39.200000000000003,36.739523814665198,40.0,37.99789954439143,39.799999999999997,39.131318770044516,40.399999999999999,40.225289885855062,37.799999999999997,38.654950224799293,38.700000000000003,38.821587619849723,39.200000000000003,39.437338906661239,39.399999999999999,39.664551264859732,39.399999999999999,39.550604195963764,39.5,39.56635089010674,39.799999999999997,39.940483567725323,39.899999999999999,39.86863738083575,39.899999999999999,39.843566182061537,40.0,39.849901596112872,40.200000000000003,39.915591216534267,40.200000000000003,39.868713677570632,40.200000000000003,39.668652941266224,27.5,29.5360580260357,29.800000000000001,32.886605091214498,36.399999999999999,36.123896432174099,38.100000000000001,37.423364927408727,40.0,39.966667027364281,40.899999999999999,40.349162097431943,40.399999999999999,39.780784430979793,42.5,40.043109160705335,42.299999999999997,40.873547061198551,42.399999999999999,41.686313885742422,43.399999999999999,42.763373496666894,40.100000000000001,41.090359596368877,40.5,40.802165460451299,40.799999999999997,41.118872477166754,41.299999999999997,41.553690823880189,41.600000000000001,41.703313393398382,41.899999999999999,41.883940740999691,42.5
43.0,37.997222222222192,43.600000000000001,42.644431065397853,43.200000000000003,42.997948306045444,43.200000000000003,42.720550066841746,43.700000000000003,43.311630814361777,44.0,43.426202497277629,43.899999999999999,43.205862395754686,30.199999999999999,31.274861861674882,26.5,30.187441997290669,36.700000000000003,36.882460969740137,36.899999999999999,36.154386253132458,37.0,35.144332937319639,37.600000000000001,35.365811083948358,38.799999999999997,36.586143049417728,37.899999999999999,36.242783503560148,37.600000000000001,36.197913476046033,37.799999999999997,37.558020233676125,41.100000000000001,41.183570145601038,37.899999999999999,39.053204491644173,39.700000000000003,39.396525552495675,40.5,40.678496986839924,40.600000000000001,41.024944614640944,40.600000000000001,40.932862698729998,40.799999999999997,41.054897896811084,41.200000000000003,41.56889011726927,41.399999999999999,41.421265100014558,41.399999999999999,41.369638015096889,41.5,41.46411965683609,41.700000000000003,41.598465254642839,41.700000000000003,41.513328495870709,41.700000000000003,41.325015846374917,28.300000000000001,30.544937445026228,33.100000000000001,35.382269035683855,40.799999999999997,40.089650722899336,42.0,41.565425977219526,43.399999999999999,43.090095588413099,44.5,42.850288113002662,43.299999999999997,41.863393941905954,40.799999999999997,37.977148564737341,39.5,38.059274283421942,39.5,38.137589925233002,41.799999999999997,40.664017000737545,40.700000000000003,40.875674700037166,41.5,41.330701391054113,42.100000000000001,42.16608177529654,42.600000000000001,42.783579845683583,43.100000000000001,43.208332839098638,43.299999999999997,43.473853939930393,44.100000000000001
44.0,37.747916666666669,42.799999999999997,42.647962772368331,42.399999999999999,42.367551095441385,42.299999999999997,42.144130713133528,42.899999999999999,42.720321425716016,43.200000000000003,42.928921265917751,43.200000000000003,42.800140565339305,31.399999999999999,28.922299563124287,28.100000000000001,31.001491065581124,36.100000000000001,37.418891678643,35.799999999999997,36.181130662062202,36.399999999999999,35.161965671130019,37.5,35.123437062524474,38.399999999999999,36.276402902502426,39.299999999999997,37.501217961463176,38.799999999999997,35.503538064994167,39.100000000000001,37.164956723340062,41.0,39.170498583546085,37.100000000000001,37.309961627810601,38.799999999999997,39.015113523826081,39.600000000000001,39.967671938077963,39.799999999999997,40.066608896108683,39.799999999999997,39.985712130988034,40.0,40.200628810526354,40.399999999999999,40.639177641518032,40.399999999999999,40.676646572661134,40.5,40.605789172594861,40.600000000000001,40.434839873625549,40.899999999999999,40.660354579158238,40.899999999999999,40.415756556627784,40.899999999999999,40.263459623602138,29.199999999999999,27.042542228945894,33.200000000000003,36.693822733694688,40.399999999999999,41.126059384523153,41.399999999999999,41.516247875407728,42.5,42.759189707486456,43.200000000000003,40.975303673188129,42.799999999999997,39.150965305619096,42.5,37.472891073538698,41.700000000000003,37.060077504909792,41.799999999999997,38.312597986421615,42.899999999999999,40.130842826463812,40.100000000000001,40.041354701684902,40.600000000000001,40.916501422366693,41.0,41.544311741593781,41.5,42.344184986802539,41.899999999999999,42.24685739110911,42.0,42.239438481596387,42.600000000000001
45.0,39.807638888888867,47.0,47.084170865485618,46.5,46.347451795285124,46.600000000000001,46.030716200202576,46.899999999999999,46.714516089736208,47.799999999999997,46.933852183480937,47.5,46.682169298611029,31.600000000000001,26.755243944672415,27.800000000000001,31.472655836208517,37.5,39.488916118955089,38.0,37.565361374543862,38.0,35.344355874028828,39.0,35.215734764200064,38.5,36.291445872226248,37.899999999999999,38.963082180220638,37.299999999999997,34.959193138087279,37.899999999999999,36.932825570821436,40.799999999999997,40.047642981020928,38.399999999999999,39.020937828222941,41.0,41.819533949153765,42.600000000000001,43.065805356964816,42.600000000000001,43.250285680734983,42.700000000000003,43.130983189366425,42.899999999999999,43.551579754368987,43.5,44.137764418134921,43.299999999999997,44.22441570555457,43.600000000000001,44.005874522591398,44.299999999999997,43.383703752612476,44.600000000000001,43.659187100328701,44.5,43.161058003250545,44.100000000000001,42.850538889072752,29.399999999999999,24.153905782065443,35.200000000000003,39.306258614834128,42.700000000000003,42.847603360805586,41.399999999999999,42.687782178354311,41.200000000000003,44.57440686163487,41.899999999999999,41.954178897262054,43.200000000000003,38.613116767103079,40.799999999999997,36.89755102490269,38.799999999999997,35.404951493213304,39.200000000000003,36.79294841187459,41.299999999999997,38.82667316066231,41.5,41.75666538115658,42.299999999999997,43.272216807052793,43.200000000000003,44.510409070390253,43.899999999999999,45.814025676929646,44.399999999999999,45.221535273684864,44.200000000000003,45.076246351390282,45.200000000000003
46.0,37.223611111111126,43.600000000000001,42.378034768709519,43.100000000000001,42.183033664673204,42.899999999999999,42.0257235935632,43.600000000000001,42.605386759848074,43.899999999999999,42.812873573773537,43.700000000000003,42.567786478041782,29.699999999999999,27.438718270401179,26.0,30.296912986695787,36.100000000000001,36.51137789809205,36.100000000000001,35.668433989016457,36.399999999999999,34.671511412107584,37.100000000000001,34.612632553043099,38.700000000000003,36.361706390223169,40.399999999999999,38.979609836241472,40.100000000000001,36.883568877819044,41.0,38.799303725190214,41.5,39.712157684819921,36.600000000000001,37.359994837143375,38.600000000000001,39.500179190735025,39.700000000000003,40.262516992842137,39.799999999999997,40.349014956579481,39.799999999999997,40.152143187147708,40.0,40.299943669715489,40.399999999999999,40.699190188586151,40.299999999999997,40.751048272502821,40.399999999999999,40.617238895154465,40.799999999999997,40.245209824063807,41.100000000000001,40.514639761474022,41.100000000000001,40.203452817137943,40.799999999999997,39.875930628590709,26.699999999999999,25.290626470305483,31.800000000000001,35.838102565393967,41.0,39.894413169235065,40.5,40.701562597758205,41.5,43.073556253296452,42.100000000000001,41.445358369974159,42.799999999999997,39.573787311044768,42.899999999999999,39.049567490537228,42.899999999999999,38.636227867467376,43.299999999999997,40.254944361306613,44.799999999999997,41.320046472111045,40.200000000000003,40.648657661000485,40.100000000000001,41.310112634188677,40.5,41.807440870176784,41.0,42.529140551131839,41.200000000000003,41.949243658381995,41.200000000000003,41.966854895873773,41.700000000000003
47.0,37.742361111111137,46.299999999999997,45.447833638522475,45.5,44.941642736946726,45.299999999999997,44.690471384610426,46.100000000000001,45.375772917648291,46.399999999999999,45.667719525203445,46.200000000000003,45.423109444013022,31.899999999999999,28.045323550272467,28.100000000000001,31.104754129285762,33.700000000000003,35.689064659231462,34.0,35.037578523043258,33.5,33.621727968226679,34.0,33.281024448968438,36.600000000000001,35.932296356131125,40.100000000000001,39.502495416970611,39.799999999999997,38.080372627014263,40.600000000000001,39.525691623968633,41.700000000000003,40.802685910148028,37.899999999999999,38.333455851899217,39.899999999999999,40.734661039308911,41.100000000000001,41.441593128266121,41.0,41.479329999787765,41.0,41.391034086492724,41.100000000000001,41.629571755596679,41.600000000000001,42.180830195849126,41.100000000000001,41.854344343335725,41.200000000000003,41.794769453270277,42.0,41.915887652688411,42.299999999999997,42.203191814698002,41.899999999999999,41.704259565170517,41.600000000000001,41.380637133794828,29.399999999999999,25.342079652364561,32.0,35.307487943661783,36.100000000000001,37.791643964682827,37.299999999999997,38.410986058455066,40.100000000000001,41.3917716002356,40.700000000000003,40.202037082964061,41.799999999999997,39.311369371021193,42.799999999999997,39.86353359132557,42.799999999999997,39.894020735427368,43.200000000000003,41.400186640023932,44.0,42.167305642119715,41.0,41.475838357640257,41.100000000000001,41.992468622243152,41.399999999999999,42.432607414584972,41.700000000000003,43.182060306037407,42.0,43.02271204025628,42.100000000000001,42.935296705156347,42.799999999999997
48.0,38.44583333333334,47.399999999999999,47.353964934913051,46.700000000000003,46.82771621514636,46.399999999999999,46.525077580139211,47.200000000000003,47.2353163291803,47.399999999999999,47.453283992397026,47.600000000000001,47.452675724584395,34.299999999999997,31.258904517536319,30.699999999999999,30.818681003225052,32.700000000000003,34.041609607875003,32.399999999999999,33.511403466119091,32.100000000000001,33.092739081569171,32.200000000000003,33.262195485261032,36.600000000000001,37.069520017367395,39.600000000000001,40.282162155770067,40.600000000000001,40.34692402404238,41.700000000000003,41.56834010983642,42.5,42.429795536996707,43.399999999999999,42.54345386638763,44.299999999999997,44.023064014467792,43.700000000000003,43.859148872308857,43.5,43.816103071135345,43.5,43.733314370779127,43.600000000000001,43.952520083626261,44.100000000000001,44.55246417444377,43.399999999999999,43.986938164737047,43.5,43.906653025558704,44.399999999999999,44.409765095915319,44.799999999999997,44.76222331496222,44.399999999999999,44.342870229914865,44.0,43.877743614502243,32.399999999999999,29.128283828357294,32.0,33.390060384797231,34.600000000000001,36.577285185431379,36.700000000000003,37.906625777358997,39.700000000000003,40.933696034636554,40.899999999999999,40.925281788026311,42.100000000000001,40.811272501443341,42.299999999999997,41.749754466394343,42.200000000000003,41.614373398914061,43.600000000000001,42.95392993902707,44.299999999999997,43.86207499067531,42.399999999999999,42.919967869886747,42.5,43.149574428538109,42.899999999999999,43.634157018482583,43.299999999999997,44.266541824287572,43.5,44.296704003946189,43.600000000000001,44.187123321049917,44.200000000000003
49.0,38.484027777777762,47.100000000000001,47.208716692900644,46.700000000000003,46.971467239449382,46.600000000000001,46.795907501480713,47.299999999999997,47.469567873838784,47.600000000000001,47.726194518934442,47.799999999999997,47.7574997876129,36.5,34.202595639764581,32.700000000000003,31.591866496033131,32.700000000000003,32.959717652598115,32.100000000000001,32.364586016841699,31.699999999999999,31.856621904678267,31.300000000000001,31.850537460047565,35.399999999999999,35.602444220875924,38.299999999999997,38.906777313231302,39.600000000000001,39.965140889115389,41.100000000000001,41.422951137512364,42.200000000000003,42.436647936289219,43.600000000000001,42.974156080621754,43.899999999999999,43.936673598029572,44.600000000000001,44.401157255191031,44.299999999999997,44.310644354846929,44.200000000000003,44.221891868627921,44.200000000000003,44.335325832347365,44.600000000000001,44.860891450859633,44.100000000000001,44.350288689249886,44.100000000000001,44.278547255789825,45.100000000000001,45.049660080101091,45.5,45.387380484754829,45.100000000000001,45.011066058766815,44.700000000000003,44.548234315643299,35.100000000000001,32.695214336514539,32.799999999999997,32.788843193130262,33.5,34.668561021842166,35.700000000000003,36.152982410516884,38.5,39.085107897363123,39.299999999999997,39.822268053382558,40.399999999999999,40.188085175793844,40.899999999999999,41.301395345800756,40.899999999999999,41.476163318856564,42.399999999999999,42.861029813760425,43.700000000000003,44.18353187822747,43.100000000000001,43.362399151952005,43.100000000000001,43.43937128607223,43.299999999999997,43.79525804875361,43.899999999999999,44.408160475636898,44.200000000000003,44.629106800410312,44.0,44.437528336185913,44.600000000000001
